dbSNP,Frequency (Ref),Frequency (Alt)
rs587776825,0.9997072,0.0002928
rs1169288,0.6509957,0.3490043
rs1800574,0.983692705882353,0.016307294117647
rs2464196,0.585772,0.414228
rs137853244,0.916666666666667,0
rs137853238,0.8,0
rs587780357,0.9999965,3.5E-06
rs137853240,0.999998571428572,1.42857142857143E-06
rs137853243,0.999996,4E-06
