,dbSNP,Frequency (Ref),Frequency (Alt),Population _African,Population _American,Population _Asian,Population _Australia,Population _European
2,rs587776825,1.0,0.0,0,0,1,0,0
4,rs587776825,0.99957,0.00043,0,0,0,0,1
20,rs587776825,1.0,0.0,0,0,1,0,0
50,rs587776825,0.99957,0.00043,0,0,0,0,1
60,rs587776825,0.99957,0.00043,0,0,0,0,1
79,rs587776825,1.0,0.0,0,1,0,0,0
105,rs587776825,0.99957,0.00043,0,0,0,0,1
107,rs587776825,0.99956,0.00044,0,0,0,0,1
119,rs587776825,1.0,0.0,0,1,0,0,0
130,rs587776825,1.0,0.0,1,0,0,0,0
158,rs587776825,0.99957,0.00043,0,0,0,0,1
160,rs587776825,0.99957,0.00043,0,0,0,0,1
170,rs587776825,0.99957,0.00043,0,0,0,0,1
180,rs587776825,0.99957,0.00043,0,0,0,0,1
182,rs587776825,0.99957,0.00043,0,0,0,0,1
211,rs587776825,0.99957,0.00043,0,0,0,0,1
213,rs587776825,0.99957,0.00043,0,0,0,0,1
238,rs587776825,0.99957,0.00043,0,0,0,0,1
255,rs587776825,1.0,0.0,0,1,0,0,0
296,rs587776825,0.99957,0.00043,0,1,0,0,0
305,rs587776825,0.99957,0.00043,0,0,0,0,1
326,rs587776825,1.0,0.0,0,0,1,0,0
330,rs587776825,1.0,0.0,0,1,0,0,0
333,rs587776825,0.99957,0.00043,0,0,0,0,1
338,rs587776825,0.99957,0.00043,0,0,0,0,1
