,dbSNP,Frequency (Ref),Frequency (Alt),Population _African,Population _American,Population _Asian,Population _Australia,Population _European
32,rs137853243,1.0,0.0,0,0,1,0,0
54,rs137853243,0.999993,7e-06,0,0,0,0,1
69,rs137853243,1.0,0.0,0,1,0,0,0
193,rs137853243,1.0,0.0,0,0,0,1,0
242,rs137853243,0.999993,7e-06,0,0,0,0,1
309,rs137853243,0.999993,7e-06,0,0,0,0,1
345,rs137853243,0.999993,7e-06,0,0,0,0,1
